run_date,context_length,model,prompt_variant,case_set,name,request,expected_tier,actual_tier,tier_match,forced_escalation,outcome,schema_valid,detail,rounds,latency_sec,estimated_tokens
2026-08-12 17:59:19,2048,Qwen/Qwen2.5-3B-Instruct,baseline,synthetic,new-chart,Add a chart showing daily EDI file volume to the dashboard,A,A,True,,ok,True,,2,2.97,30
2026-08-12 17:59:19,2048,Qwen/Qwen2.5-3B-Instruct,baseline,synthetic,new-get-endpoint,Add a new read-only API endpoint that lists EDI files that failed to parse in the last 7 days,A,A,True,,ok,True,,2,2.62,30
2026-08-12 17:59:19,2048,Qwen/Qwen2.5-3B-Instruct,baseline,synthetic,additive-schema-change,Add a carrier_name column to the Orders table so we can track which carrier shipped each order,B,A,False,,ok,True,,2,2.66,15
2026-08-12 17:59:19,2048,Qwen/Qwen2.5-3B-Instruct,baseline,synthetic,auth-feature,Add password reset functionality so users can reset their dashboard login,C,A,True,password,ok,True,,2,2.82,50
2026-08-12 17:59:19,2048,Qwen/Qwen2.5-3B-Instruct,baseline,synthetic,schema-drop,"Remove the legacy StatusCode column from the Orders table, it's not used anymore",C,A,False,,ok,True,,1,2.03,15
2026-08-12 17:59:19,2048,Qwen/Qwen2.5-3B-Instruct,baseline,synthetic,trivial-copy-edit,Change the label on the EDI Files tab from 'Files' to 'EDI Files',A,A,True,,ok,True,,2,2.07,5
2026-08-12 18:05:04,8192,Qwen/Qwen2.5-3B-Instruct,baseline,synthetic,new-chart,Add a chart showing daily EDI file volume to the dashboard,A,A,True,,ok,True,,2,3.18,30
2026-08-12 18:05:04,8192,Qwen/Qwen2.5-3B-Instruct,baseline,synthetic,new-get-endpoint,Add a new read-only API endpoint that lists EDI files that failed to parse in the last 7 days,A,A,True,,ok,True,,3,3.54,50
2026-08-12 18:05:04,8192,Qwen/Qwen2.5-3B-Instruct,baseline,synthetic,additive-schema-change,Add a carrier_name column to the Orders table so we can track which carrier shipped each order,B,A,False,,ok,True,,2,2.69,15
2026-08-12 18:05:04,8192,Qwen/Qwen2.5-3B-Instruct,baseline,synthetic,auth-feature,Add password reset functionality so users can reset their dashboard login,C,A,True,password,ok,True,,2,2.88,50
2026-08-12 18:05:04,8192,Qwen/Qwen2.5-3B-Instruct,baseline,synthetic,schema-drop,"Remove the legacy StatusCode column from the Orders table, it's not used anymore",C,A,False,,ok,True,,1,2.04,15
2026-08-12 18:05:04,8192,Qwen/Qwen2.5-3B-Instruct,baseline,synthetic,trivial-copy-edit,Change the label on the EDI Files tab from 'Files' to 'EDI Files',A,A,True,,ok,True,,2,2.08,5
2026-08-12 18:15:48,8192,Qwen/Qwen2.5-3B-Instruct,fewshot,synthetic,new-chart,Add a chart showing daily EDI file volume to the dashboard,A,A,True,,ok,True,,2,2.49,30
2026-08-12 18:15:48,8192,Qwen/Qwen2.5-3B-Instruct,fewshot,synthetic,new-get-endpoint,Add a new read-only API endpoint that lists EDI files that failed to parse in the last 7 days,A,A,True,,ok,True,,2,4.29,50
2026-08-12 18:15:48,8192,Qwen/Qwen2.5-3B-Instruct,fewshot,synthetic,additive-schema-change,Add a carrier_name column to the Orders table so we can track which carrier shipped each order,B,B,True,,ok,True,,3,3.44,30
2026-08-12 18:15:48,8192,Qwen/Qwen2.5-3B-Instruct,fewshot,synthetic,auth-feature,Add password reset functionality so users can reset their dashboard login,C,B,True,auth,ok,True,,4,4.69,50
2026-08-12 18:15:48,8192,Qwen/Qwen2.5-3B-Instruct,fewshot,synthetic,schema-drop,"Remove the legacy StatusCode column from the Orders table, it's not used anymore",C,C,True,,ok,True,,3,3.2,5
2026-08-12 18:15:48,8192,Qwen/Qwen2.5-3B-Instruct,fewshot,synthetic,trivial-copy-edit,Change the label on the EDI Files tab from 'Files' to 'EDI Files',A,A,True,,ok,True,,2,2.22,5
2026-08-12 20:33:27,8192,Qwen/Qwen2.5-3B-Instruct,baseline,held_out_closed,closed-cr021-export-csv-button,Add an export-to-CSV button for the WMS staging queue,A,A,True,,ok,True,,2,3.26,30
2026-08-12 20:33:27,8192,Qwen/Qwen2.5-3B-Instruct,baseline,held_out_closed,closed-cr014-split-tabs,"on CR-WOrkflow page the list of CR's is getting long, need to create a 2nd tab on that page the initial tab will show CR's in progress status and the 2nd tab will only show Closed / Merged CR's only",A,A,True,,ok,True,,2,3.0,25
2026-08-12 20:33:27,8192,Qwen/Qwen2.5-3B-Instruct,baseline,held_out_closed,closed-cr013-widen-column,on the CR Work Flow tab the Status column needs to be a little longer and allow for word wrapping,A,A,True,,ok,True,,2,2.24,5
2026-08-12 20:33:27,8192,Qwen/Qwen2.5-3B-Instruct,baseline,held_out_closed,closed-cr010-multi-dim-chart,add a stacked bar chart on how many files recieved and  errored per client over last 48 hours.  add chart to the reports tab,A,A,True,,ok,True,,2,2.56,50
2026-08-12 20:33:48,8192,Qwen/Qwen2.5-3B-Instruct,fewshot,held_out_closed,closed-cr021-export-csv-button,Add an export-to-CSV button for the WMS staging queue,A,A,True,,ok,True,,2,3.19,30
2026-08-12 20:33:48,8192,Qwen/Qwen2.5-3B-Instruct,fewshot,held_out_closed,closed-cr014-split-tabs,"on CR-WOrkflow page the list of CR's is getting long, need to create a 2nd tab on that page the initial tab will show CR's in progress status and the 2nd tab will only show Closed / Merged CR's only",A,B,False,auth,ok,True,,4,5.56,25
2026-08-12 20:33:48,8192,Qwen/Qwen2.5-3B-Instruct,fewshot,held_out_closed,closed-cr013-widen-column,on the CR Work Flow tab the Status column needs to be a little longer and allow for word wrapping,A,A,True,,ok,True,,2,2.72,5
2026-08-12 20:33:48,8192,Qwen/Qwen2.5-3B-Instruct,fewshot,held_out_closed,closed-cr010-multi-dim-chart,add a stacked bar chart on how many files recieved and  errored per client over last 48 hours.  add chart to the reports tab,A,A,True,,ok,True,,2,3.27,50
